MAE,MSE,RMSE,MAPE,R2_Score
1.4322952194772014,4.241166991072725,2.059409379184412,8.422050177939568,0.9277035298143782
