MAE,MSE,RMSE,MAPE,R2_Score
1.514432101112259,4.71471045704846,2.1713384022414517,8.902218785142246,0.9196092505796847
