MAE,MSE,RMSE,MAPE,R2_Score
1.5467774472880826,4.925268685763375,2.219294636987927,8.922329874772636,0.9151957811029534
